depth,shift,discharge,flag
4.53,-0.13,33.00,
4.54,-0.13,34.07,
4.55,-0.13,35.14,
4.56,-0.13,36.22,
4.57,-0.13,37.31,
4.58,-0.13,38.41,
4.59,-0.13,39.52,
4.60,-0.13,40.63,*
4.61,-0.13,41.74,
4.62,-0.13,42.87,
4.63,-0.13,44.00,
4.64,-0.13,45.34,
4.65,-0.13,46.69,
4.66,-0.13,48.06,
4.67,-0.13,49.44,
4.68,-0.13,50.84,
4.69,-0.13,52.24,
4.70,-0.13,53.66,*
4.71,-0.13,55.10,
4.72,-0.13,56.54,
4.73,-0.13,58.00,
4.74,-0.13,59.62,
4.75,-0.13,61.26,
4.76,-0.13,62.92,
4.77,-0.13,64.59,
4.78,-0.13,66.28,
4.79,-0.13,67.99,
4.80,-0.13,69.72,*
4.81,-0.13,71.46,
4.82,-0.13,73.22,
4.83,-0.13,75.00,
4.84,-0.13,76.82,
4.85,-0.13,78.66,
4.86,-0.13,80.52,
4.87,-0.13,82.39,
4.88,-0.13,84.28,
4.89,-0.13,86.19,
4.90,-0.13,88.12,*
4.91,-0.13,90.06,
4.92,-0.13,92.02,
4.93,-0.13,94.00,
4.94,-0.13,96.02,
4.95,-0.13,98.06,
4.96,-0.13,100.11,
4.97,-0.13,102.19,
4.98,-0.13,104.28,
4.99,-0.13,106.39,
5.00,-0.13,108.52,*
5.01,-0.13,110.66,
5.02,-0.13,112.82,
5.03,-0.13,115.00,
5.04,-0.13,117.40,
5.05,-0.13,119.82,
5.06,-0.13,122.26,
5.07,-0.13,124.73,
5.08,-0.13,127.21,
5.09,-0.13,129.73,
5.10,-0.13,132.26,
5.11,-0.13,134.82,
5.12,-0.13,137.40,
5.13,-0.13,140.00,
5.14,-0.13,142.51,
5.15,-0.13,145.05,
5.16,-0.13,147.60,
5.17,-0.13,150.18,
5.18,-0.13,152.77,
5.19,-0.13,155.38,
5.20,-0.13,158.02,*
5.21,-0.13,160.67,
5.22,-0.13,163.34,
5.23,-0.13,166.03,
5.24,-0.13,168.74,
5.25,-0.13,171.47,
5.26,-0.13,174.22,
5.27,-0.13,176.99,
5.28,-0.13,179.78,
5.29,-0.13,182.58,
5.30,-0.13,185.41,
5.31,-0.13,188.25,
5.32,-0.13,191.12,
5.33,-0.13,194.00,
5.34,-0.13,197.08,
5.35,-0.13,200.19,
5.36,-0.13,203.32,
5.37,-0.13,206.47,
5.38,-0.13,209.64,
5.39,-0.13,212.84,
5.40,-0.13,216.06,*
5.41,-0.13,219.30,
5.42,-0.13,222.57,
5.43,-0.13,225.86,
5.44,-0.13,229.17,
5.45,-0.13,232.50,
5.46,-0.13,235.86,
5.47,-0.13,239.24,
5.48,-0.13,242.64,
5.49,-0.13,246.07,
5.50,-0.13,249.52,
5.51,-0.13,252.99,
5.52,-0.13,256.48,
5.53,-0.13,260.00,
5.54,-0.13,263.58,
5.55,-0.13,267.18,
5.56,-0.13,270.80,
5.57,-0.13,274.45,
5.58,-0.13,278.12,
5.59,-0.13,281.82,
5.60,-0.13,285.54,*
5.61,-0.13,289.28,
5.62,-0.13,293.05,
5.63,-0.13,296.83,
5.64,-0.13,300.65,
5.65,-0.13,304.48,
5.66,-0.13,308.34,
5.67,-0.13,312.22,
5.68,-0.13,316.13,
5.69,-0.13,320.05,
5.70,-0.13,324.01,
5.71,-0.13,327.98,
5.72,-0.13,331.98,
5.73,-0.13,336.00,
5.74,-0.13,339.90,
5.75,-0.13,343.83,
5.76,-0.13,347.77,
5.77,-0.13,351.74,
5.78,-0.13,355.73,
5.79,-0.13,359.73,
5.80,-0.13,363.76,*
5.81,-0.13,367.81,
5.82,-0.13,371.88,
5.83,-0.13,375.97,
5.84,-0.13,380.08,
5.85,-0.13,384.21,
5.86,-0.13,388.36,
5.87,-0.13,392.54,
5.88,-0.13,396.73,
5.89,-0.13,400.94,
5.90,-0.13,405.18,
5.91,-0.13,409.43,
5.92,-0.13,413.70,
5.93,-0.13,418.00,
5.94,-0.13,422.22,
5.95,-0.13,426.46,
5.96,-0.13,430.72,
5.97,-0.13,435.00,
5.98,-0.13,439.29,
5.99,-0.13,443.61,
6.00,-0.13,447.94,*
6.01,-0.13,452.30,
6.02,-0.13,456.67,
6.03,-0.13,461.06,
6.04,-0.13,465.47,
6.05,-0.13,469.90,
6.06,-0.13,474.34,
6.07,-0.13,478.81,
6.08,-0.13,483.29,
6.09,-0.13,487.80,
6.10,-0.13,492.32,
6.11,-0.13,496.86,
6.12,-0.13,501.42,
6.13,-0.13,506.00,
6.14,-0.13,510.39,
6.15,-0.13,514.81,
6.16,-0.13,519.25,
6.17,-0.13,523.72,
6.18,-0.13,528.20,
6.19,-0.13,532.71,
6.20,-0.13,537.25,
6.21,-0.13,541.81,
6.22,-0.13,546.39,
6.23,-0.13,551.00,
6.24,-0.13,555.63,
6.25,-0.13,560.28,
6.26,-0.13,564.96,
6.27,-0.13,569.66,
6.28,-0.13,574.38,
6.29,-0.13,579.13,
6.30,-0.13,583.91,
6.31,-0.13,588.70,
6.32,-0.13,593.53,
6.33,-0.13,598.37,
6.34,-0.13,603.24,
6.35,-0.13,608.14,*
6.36,-0.13,613.06,
6.37,-0.13,618.00,
6.38,-0.13,622.97,
6.39,-0.13,627.96,
6.40,-0.13,632.98,
6.41,-0.13,638.02,
6.42,-0.13,643.08,
6.43,-0.13,648.17,
6.44,-0.13,653.29,
6.45,-0.13,658.43,
6.46,-0.13,663.60,
6.47,-0.13,668.79,
6.48,-0.13,674.00,
6.49,-0.13,678.85,
6.50,-0.13,683.72,
6.51,-0.13,688.61,
6.52,-0.13,693.52,
6.53,-0.13,698.45,
6.54,-0.13,703.40,
6.55,-0.13,708.38,
6.56,-0.13,713.37,
6.57,-0.13,718.38,
6.58,-0.13,723.42,
6.59,-0.13,728.47,
6.60,-0.13,733.55,
6.61,-0.13,738.64,
6.62,-0.13,743.76,
6.63,-0.13,748.89,
6.64,-0.13,754.05,
6.65,-0.13,759.23,
6.66,-0.13,764.43,
6.67,-0.13,769.65,
6.68,-0.13,774.89,
6.69,-0.13,780.15,
6.70,-0.13,785.43,*
6.71,-0.13,790.73,
6.72,-0.13,796.06,
6.73,-0.13,801.40,
6.74,-0.13,806.77,
6.75,-0.13,812.15,
6.76,-0.13,817.56,
6.77,-0.13,822.99,
6.78,-0.13,828.44,
6.79,-0.13,833.91,
6.80,-0.13,839.40,
6.81,-0.13,844.91,
6.82,-0.13,850.45,
6.83,-0.13,856.00,
6.84,-0.13,861.87,
6.85,-0.13,867.76,
6.86,-0.13,873.68,
6.87,-0.13,879.62,
6.88,-0.13,885.58,
6.89,-0.13,891.57,
6.90,-0.13,897.58,*
6.91,-0.13,903.62,
6.92,-0.13,909.68,
6.93,-0.13,915.77,
6.94,-0.13,921.88,
6.95,-0.13,928.02,
6.96,-0.13,934.18,
6.97,-0.13,940.37,
6.98,-0.13,946.58,
6.99,-0.13,952.81,
7.00,-0.13,959.07,
7.01,-0.13,965.36,
7.02,-0.13,971.67,
7.03,-0.13,978.00,
7.04,-0.13,983.90,
7.05,-0.13,989.83,
7.06,-0.13,995.78,
7.07,-0.13,1001.74,
7.08,-0.13,1007.73,
7.09,-0.13,1013.74,
7.10,-0.13,1019.76,*
7.11,-0.13,1025.81,
7.12,-0.13,1031.88,
7.13,-0.13,1037.97,
7.14,-0.13,1044.08,
7.15,-0.13,1050.21,
7.16,-0.13,1056.36,
7.17,-0.13,1062.53,
7.18,-0.13,1068.73,
7.19,-0.13,1074.94,
7.20,-0.13,1081.17,
7.21,-0.13,1087.43,
7.22,-0.13,1093.70,
7.23,-0.13,1100.00,
7.24,-0.13,1107.22,
7.25,-0.13,1114.46,
7.26,-0.13,1121.74,
7.27,-0.13,1129.04,
7.28,-0.13,1136.38,
7.29,-0.13,1143.74,
7.30,-0.13,1151.13,*
7.31,-0.13,1158.56,
7.32,-0.13,1166.01,
7.33,-0.13,1173.50,
7.34,-0.13,1181.01,
7.35,-0.13,1188.56,
7.36,-0.13,1196.13,
7.37,-0.13,1203.73,
7.38,-0.13,1211.37,
7.39,-0.13,1219.03,
7.40,-0.13,1226.73,
7.41,-0.13,1234.46,
7.42,-0.13,1242.21,
7.43,-0.13,1250.00,
7.44,-0.13,1257.26,
7.45,-0.13,1264.54,
7.46,-0.13,1271.85,
7.47,-0.13,1279.19,
7.48,-0.13,1286.55,
7.49,-0.13,1293.93,
7.50,-0.13,1301.34,*
7.51,-0.13,1308.78,
7.52,-0.13,1316.24,
7.53,-0.13,1323.73,
7.54,-0.13,1331.24,
7.55,-0.13,1338.78,
7.56,-0.13,1346.34,
7.57,-0.13,1353.93,
7.58,-0.13,1361.54,
7.59,-0.13,1369.18,
7.60,-0.13,1376.85,
7.61,-0.13,1384.54,
7.62,-0.13,1392.26,
7.63,-0.13,1400.00,
7.64,-0.13,1407.93,
7.65,-0.13,1415.90,
7.66,-0.13,1423.88,
7.67,-0.13,1431.90,
7.68,-0.13,1439.94,
7.69,-0.13,1448.01,
7.70,-0.13,1456.11,
7.71,-0.13,1464.24,
7.72,-0.13,1472.39,
7.73,-0.13,1480.57,
7.74,-0.13,1488.78,
7.75,-0.13,1497.01,
7.76,-0.13,1505.28,
7.77,-0.13,1513.57,
7.78,-0.13,1521.88,
7.79,-0.13,1530.23,
7.80,-0.13,1538.60,*
7.81,-0.13,1547.01,
7.82,-0.13,1555.43,
7.83,-0.13,1563.89,
7.84,-0.13,1572.38,
7.85,-0.13,1580.89,
7.86,-0.13,1589.43,
7.87,-0.13,1598.00,
7.88,-0.13,1606.60,
7.89,-0.13,1615.22,
7.90,-0.13,1623.87,
7.91,-0.13,1632.55,
7.92,-0.13,1641.26,
7.93,-0.13,1650.00,
7.94,-0.13,1659.78,
7.95,-0.13,1669.60,
7.96,-0.13,1679.46,
7.97,-0.13,1689.35,
7.98,-0.13,1699.28,
7.99,-0.13,1709.25,
8.00,-0.13,1719.26,
8.01,-0.13,1729.30,
8.02,-0.13,1739.38,
8.03,-0.13,1749.50,
8.04,-0.13,1759.66,
8.05,-0.13,1769.86,
8.06,-0.13,1780.09,
8.07,-0.13,1790.37,
8.08,-0.13,1800.68,
8.09,-0.13,1811.03,
8.10,-0.13,1821.42,*
8.11,-0.13,1832.12,
8.12,-0.13,1842.87,
8.13,-0.13,1853.65,
8.14,-0.13,1864.48,
8.15,-0.13,1875.35,
8.16,-0.13,1886.26,
8.17,-0.13,1897.21,
8.18,-0.13,1908.20,
8.19,-0.13,1919.23,
8.20,-0.13,1930.30,
8.21,-0.13,1941.41,
8.22,-0.13,1952.57,
8.23,-0.13,1963.28,
8.24,-0.13,1973.06,
8.25,-0.13,1982.87,
8.26,-0.13,1992.71,
8.27,-0.13,2002.57,
8.28,-0.13,2012.47,
8.29,-0.12,2022.39,
8.30,-0.12,2032.35,
8.31,-0.12,2042.33,
8.32,-0.12,2052.34,
8.33,-0.12,2062.38,
8.34,-0.12,2072.45,
8.35,-0.12,2082.55,
8.36,-0.12,2092.68,
8.37,-0.12,2102.84,
8.38,-0.12,2113.03,
8.39,-0.12,2123.25,
8.40,-0.12,2133.49,
8.41,-0.12,2143.77,
8.42,-0.12,2154.07,
8.43,-0.12,2164.41,
8.44,-0.12,2174.77,
8.45,-0.12,2185.16,
8.46,-0.12,2195.59,
8.47,-0.12,2206.04,
8.48,-0.12,2216.52,
8.49,-0.12,2227.03,
8.50,-0.12,2237.58,
8.51,-0.12,2248.15,
8.52,-0.12,2258.75,
8.53,-0.12,2269.38,
8.54,-0.12,2280.04,
8.55,-0.12,2290.73,
8.56,-0.12,2301.45,
8.57,-0.12,2312.20,
8.58,-0.12,2322.98,
8.59,-0.12,2333.79,
8.60,-0.12,2344.63,*
8.61,-0.12,2355.50,
8.62,-0.12,2366.39,
8.63,-0.12,2377.32,
8.64,-0.12,2388.28,
8.65,-0.12,2399.27,
8.66,-0.12,2410.29,
8.67,-0.11,2421.34,
8.68,-0.11,2432.42,
8.69,-0.11,2443.53,
8.70,-0.11,2454.67,
8.71,-0.11,2465.84,
8.72,-0.11,2477.67,
8.73,-0.11,2489.91,
8.74,-0.11,2502.19,
8.75,-0.11,2514.51,
8.76,-0.11,2526.86,
8.77,-0.11,2539.26,
8.78,-0.11,2551.69,
8.79,-0.11,2564.16,
8.80,-0.11,2576.66,
8.81,-0.11,2589.21,
8.82,-0.11,2601.79,
8.83,-0.11,2614.42,
8.84,-0.11,2627.08,
8.85,-0.11,2639.78,
8.86,-0.11,2652.52,
8.87,-0.11,2665.29,
8.88,-0.11,2678.11,
8.89,-0.11,2690.96,
8.90,-0.11,2703.85,
8.91,-0.11,2716.79,
8.92,-0.11,2729.76,
8.93,-0.11,2742.76,
8.94,-0.11,2755.81,
8.95,-0.11,2768.90,
8.96,-0.11,2782.03,
8.97,-0.11,2795.19,
8.98,-0.11,2808.40,
8.99,-0.11,2821.64,
9.00,-0.11,2834.92,
9.01,-0.11,2848.24,
9.02,-0.11,2861.60,
9.03,-0.11,2875.00,
9.04,-0.11,2888.44,
9.05,-0.10,2901.92,
9.06,-0.10,2915.44,
9.07,-0.10,2929.00,
9.08,-0.10,2942.60,
9.09,-0.10,2956.24,
9.10,-0.10,2969.91,*
9.11,-0.10,2983.63,
9.12,-0.10,2997.39,
9.13,-0.10,3011.18,
9.14,-0.10,3025.02,
9.15,-0.10,3038.90,
9.16,-0.10,3052.81,
9.17,-0.10,3066.77,
9.18,-0.10,3080.77,
9.19,-0.10,3094.80,
9.20,-0.10,3108.88,
9.21,-0.10,3121.35,
9.22,-0.10,3133.71,
9.23,-0.10,3146.10,
9.24,-0.10,3158.52,
9.25,-0.10,3170.97,
9.26,-0.10,3183.44,
9.27,-0.10,3195.94,
9.28,-0.10,3208.47,
9.29,-0.10,3221.03,
9.30,-0.10,3233.62,
9.31,-0.10,3246.23,
9.32,-0.10,3258.87,
9.33,-0.10,3271.54,
9.34,-0.10,3284.24,
9.35,-0.10,3296.97,
9.36,-0.10,3309.73,
9.37,-0.10,3322.51,
9.38,-0.10,3335.33,
9.39,-0.10,3348.17,
9.40,-0.10,3361.04,
9.41,-0.10,3373.93,
9.42,-0.09,3386.86,
9.43,-0.09,3399.82,
9.44,-0.09,3412.80,
9.45,-0.09,3425.81,
9.46,-0.09,3438.85,
9.47,-0.09,3451.92,
9.48,-0.09,3465.02,
9.49,-0.09,3478.14,
9.50,-0.09,3491.30,
9.51,-0.09,3504.48,
9.52,-0.09,3517.69,
9.53,-0.09,3530.93,
9.54,-0.09,3544.20,
9.55,-0.09,3557.50,
9.56,-0.09,3570.82,
9.57,-0.09,3584.18,
9.58,-0.09,3597.56,
9.59,-0.09,3610.98,
9.60,-0.09,3624.42,
9.61,-0.09,3637.89,
9.62,-0.09,3651.38,
9.63,-0.09,3664.91,
9.64,-0.09,3678.47,
9.65,-0.09,3692.05,
9.66,-0.09,3705.67,
9.67,-0.09,3719.31,
9.68,-0.09,3732.98,
9.69,-0.09,3746.68,
9.70,-0.09,3760.41,
9.71,-0.09,3774.17,
9.72,-0.09,3787.95,
9.73,-0.09,3801.77,
9.74,-0.09,3815.61,
9.75,-0.09,3829.49,
9.76,-0.09,3843.39,
9.77,-0.09,3857.32,
9.78,-0.09,3871.28,
9.79,-0.09,3885.27,
9.80,-0.08,3899.29,
9.81,-0.08,3913.34,
9.82,-0.08,3927.41,
9.83,-0.08,3941.52,
9.84,-0.08,3955.65,
9.85,-0.08,3969.82,
9.86,-0.08,3984.01,
9.87,-0.08,3998.23,
9.88,-0.08,4012.48,
9.89,-0.08,4026.77,
9.90,-0.08,4041.07,
9.91,-0.08,4055.41,
9.92,-0.08,4069.78,
9.93,-0.08,4084.18,
9.94,-0.08,4098.61,
9.95,-0.08,4113.06,
9.96,-0.08,4127.55,
9.97,-0.08,4142.06,
9.98,-0.08,4156.61,
9.99,-0.08,4171.18,
10.00,-0.08,4185.78,*
10.01,-0.08,4200.41,
10.02,-0.08,4215.07,
10.03,-0.08,4229.77,
10.04,-0.08,4244.49,
10.05,-0.08,4259.24,
10.06,-0.08,4274.01,
10.07,-0.08,4288.82,
10.08,-0.08,4303.01,
10.09,-0.08,4315.25,
10.10,-0.08,4327.51,
10.11,-0.08,4339.78,
10.12,-0.08,4352.07,
10.13,-0.08,4364.38,
10.14,-0.08,4376.70,
10.15,-0.08,4389.04,
10.16,-0.08,4401.40,
10.17,-0.08,4413.78,
10.18,-0.07,4426.17,
10.19,-0.07,4438.57,
10.20,-0.07,4451.00,
10.21,-0.07,4463.44,
10.22,-0.07,4475.90,
10.23,-0.07,4488.37,
10.24,-0.07,4500.87,
10.25,-0.07,4513.37,
10.26,-0.07,4525.90,
10.27,-0.07,4538.44,
10.28,-0.07,4551.00,
10.29,-0.07,4563.58,
10.30,-0.07,4576.17,
10.31,-0.07,4588.78,
10.32,-0.07,4601.41,
10.33,-0.07,4614.05,
10.34,-0.07,4626.71,
10.35,-0.07,4639.39,
10.36,-0.07,4652.08,
10.37,-0.07,4664.79,
10.38,-0.07,4677.52,
10.39,-0.07,4690.26,
10.40,-0.07,4703.02,
10.41,-0.07,4715.80,
10.42,-0.07,4728.59,
10.43,-0.07,4741.40,
10.44,-0.07,4754.23,
10.45,-0.07,4767.08,
10.46,-0.07,4779.94,
10.47,-0.07,4792.82,
10.48,-0.07,4805.71,
10.49,-0.07,4818.62,
10.50,-0.07,4831.55,
10.51,-0.07,4844.50,
10.52,-0.07,4857.46,
10.53,-0.07,4870.44,
10.54,-0.07,4883.43,
10.55,-0.07,4896.44,
10.56,-0.06,4909.47,
10.57,-0.06,4922.52,
10.58,-0.06,4935.58,
10.59,-0.06,4948.66,
10.60,-0.06,4961.76,
10.61,-0.06,4974.87,
10.62,-0.06,4988.00,
10.63,-0.06,5001.15,
10.64,-0.06,5014.31,
10.65,-0.06,5027.49,
10.66,-0.06,5040.69,
10.67,-0.06,5053.90,
10.68,-0.06,5067.13,
10.69,-0.06,5080.38,
10.70,-0.06,5093.64,
10.71,-0.06,5106.92,
10.72,-0.06,5120.22,
10.73,-0.06,5133.53,
10.74,-0.06,5146.86,
10.75,-0.06,5160.21,
10.76,-0.06,5173.58,
10.77,-0.06,5186.96,
10.78,-0.06,5200.35,
10.79,-0.06,5213.77,
10.80,-0.06,5227.20,
10.81,-0.06,5240.65,
10.82,-0.06,5254.11,
10.83,-0.06,5267.59,
10.84,-0.06,5281.09,
10.85,-0.06,5294.61,
10.86,-0.06,5308.14,
10.87,-0.06,5321.69,
10.88,-0.06,5335.25,
10.89,-0.06,5348.83,
10.90,-0.06,5362.43,
10.91,-0.06,5376.05,
10.92,-0.06,5389.68,
10.93,-0.05,5403.33,
10.94,-0.05,5416.99,
10.95,-0.05,5430.67,
10.96,-0.05,5444.37,
10.97,-0.05,5458.09,
10.98,-0.05,5471.82,
10.99,-0.05,5485.57,
11.00,-0.05,5499.33,
11.01,-0.05,5513.12,
11.02,-0.05,5526.92,
11.03,-0.05,5540.73,
11.04,-0.05,5554.56,
11.05,-0.05,5568.41,
11.06,-0.05,5582.28,
11.07,-0.05,5596.16,
11.08,-0.05,5610.06,
11.09,-0.05,5623.98,
11.10,-0.05,5637.91,
11.11,-0.05,5651.86,
11.12,-0.05,5665.82,
11.13,-0.05,5679.81,
11.14,-0.05,5693.81,
11.15,-0.05,5707.82,
11.16,-0.05,5721.85,
11.17,-0.05,5735.90,
11.18,-0.05,5749.97,
11.19,-0.05,5764.05,
11.20,-0.05,5778.15,
11.21,-0.05,5792.27,
11.22,-0.05,5806.40,
11.23,-0.05,5820.55,
11.24,-0.05,5834.72,
11.25,-0.05,5848.90,
11.26,-0.05,5863.10,
11.27,-0.05,5877.31,
11.28,-0.05,5891.55,
11.29,-0.05,5905.80,
11.30,-0.05,5920.06,
11.31,-0.04,5934.35,
11.32,-0.04,5948.65,
11.33,-0.04,5962.96,
11.34,-0.04,5977.29,
11.35,-0.04,5991.64,
11.36,-0.04,6006.01,
11.37,-0.04,6020.39,
11.38,-0.04,6034.79,
11.39,-0.04,6049.21,
11.40,-0.04,6063.64,
11.41,-0.04,6078.09,
11.42,-0.04,6092.56,
11.43,-0.04,6107.04,
11.44,-0.04,6121.54,
11.45,-0.04,6136.06,
11.46,-0.04,6150.59,
11.47,-0.04,6165.14,
11.48,-0.04,6179.70,
11.49,-0.04,6194.29,
11.50,-0.04,6208.89,
11.51,-0.04,6223.50,
11.52,-0.04,6238.13,
11.53,-0.04,6252.78,
11.54,-0.04,6267.45,
11.55,-0.04,6282.13,
11.56,-0.04,6296.83,
11.57,-0.04,6311.55,
11.58,-0.04,6326.28,
11.59,-0.04,6341.03,
11.60,-0.04,6355.79,
11.61,-0.04,6370.58,
11.62,-0.04,6385.37,
11.63,-0.04,6400.19,
11.64,-0.04,6415.02,
11.65,-0.04,6429.87,
11.66,-0.04,6444.74,
11.67,-0.04,6459.62,
11.68,-0.04,6474.52,
11.69,-0.03,6489.43,
11.70,-0.03,6504.36,
11.71,-0.03,6519.31,
11.72,-0.03,6534.28,
11.73,-0.03,6549.26,
11.74,-0.03,6564.26,
11.75,-0.03,6579.27,
11.76,-0.03,6594.31,
11.77,-0.03,6609.35,
11.78,-0.03,6624.42,
11.79,-0.03,6639.50,
11.80,-0.03,6654.60,
11.81,-0.03,6669.71,
11.82,-0.03,6684.84,
11.83,-0.03,6699.99,
11.84,-0.03,6715.16,
11.85,-0.03,6730.34,
11.86,-0.03,6745.53,
11.87,-0.03,6760.75,
11.88,-0.03,6775.98,
11.89,-0.03,6791.23,
11.90,-0.03,6806.49,
11.91,-0.03,6821.77,
11.92,-0.03,6837.07,
11.93,-0.03,6852.38,
11.94,-0.03,6867.71,
11.95,-0.03,6883.06,
11.96,-0.03,6898.42,
11.97,-0.03,6913.80,
11.98,-0.03,6929.20,
11.99,-0.03,6944.61,
12.00,-0.03,6960.04,*
12.01,-0.03,6975.49,
12.02,-0.03,6990.95,
12.03,-0.03,7005.43,
12.04,-0.03,7018.51,
12.05,-0.03,7031.61,
12.06,-0.02,7044.72,
12.07,-0.02,7057.84,
12.08,-0.02,7070.98,
12.09,-0.02,7084.13,
12.10,-0.02,7097.29,
12.11,-0.02,7110.46,
12.12,-0.02,7123.65,
12.13,-0.02,7136.85,
12.14,-0.02,7150.07,
12.15,-0.02,7163.30,
12.16,-0.02,7176.54,
12.17,-0.02,7189.79,
12.18,-0.02,7203.06,
12.19,-0.02,7216.34,
12.20,-0.02,7229.64,
12.21,-0.02,7242.94,
12.22,-0.02,7256.27,
12.23,-0.02,7269.60,
12.24,-0.02,7282.95,
12.25,-0.02,7296.31,
12.26,-0.02,7309.68,
12.27,-0.02,7323.07,
12.28,-0.02,7336.47,
12.29,-0.02,7349.88,
12.30,-0.02,7363.31,
12.31,-0.02,7376.75,
12.32,-0.02,7390.21,
12.33,-0.02,7403.67,
12.34,-0.02,7417.15,
12.35,-0.02,7430.65,
12.36,-0.02,7444.15,
12.37,-0.02,7457.67,
12.38,-0.02,7471.21,
12.39,-0.02,7484.75,
12.40,-0.02,7498.31,
12.41,-0.02,7511.89,
12.42,-0.02,7525.47,
12.43,-0.02,7539.07,
12.44,-0.01,7552.69,
12.45,-0.01,7566.31,
12.46,-0.01,7579.95,
12.47,-0.01,7593.61,
12.48,-0.01,7607.27,
12.49,-0.01,7620.95,
12.50,-0.01,7634.65,
12.51,-0.01,7648.35,
12.52,-0.01,7662.07,
12.53,-0.01,7675.81,
12.54,-0.01,7689.55,
12.55,-0.01,7703.31,
12.56,-0.01,7717.09,
12.57,-0.01,7730.87,
12.58,-0.01,7744.67,
12.59,-0.01,7758.49,
12.60,-0.01,7772.31,
12.61,-0.01,7786.15,
12.62,-0.01,7800.00,
12.63,-0.01,7813.87,
12.64,-0.01,7827.75,
12.65,-0.01,7841.64,
12.66,-0.01,7855.55,
12.67,-0.01,7869.47,
12.68,-0.01,7883.40,
12.69,-0.01,7897.35,
12.70,-0.01,7911.31,
12.71,-0.01,7925.28,
12.72,-0.01,7939.27,
12.73,-0.01,7953.27,
12.74,-0.01,7967.28,
12.75,-0.01,7981.31,
12.76,-0.01,7995.35,
12.77,-0.01,8009.40,
12.78,-0.01,8023.47,
12.79,-0.01,8037.55,
12.80,-0.01,8051.65,
12.81,-0.01,8065.75,
12.82,0.00,8079.87,
12.83,0.00,8094.01,
12.84,0.00,8108.15,
12.85,0.00,8122.31,
12.86,0.00,8136.49,
12.87,0.00,8150.68,
12.88,0.00,8164.88,
12.89,0.00,8179.09,
12.90,0.00,8193.32,
12.91,0.00,8207.56,
12.92,0.00,8221.81,
12.93,0.00,8236.08,
12.94,0.00,8250.36,
12.95,0.00,8264.66,
12.96,0.00,8278.97,
12.97,0.00,8293.29,
12.98,0.00,8307.62,
12.99,0.00,8321.97,
13.00,0.00,8336.33,
13.01,0.00,8350.34,
13.02,0.00,8364.35,
13.03,0.00,8378.38,
13.04,0.00,8392.42,
13.05,0.00,8406.48,
13.06,0.00,8420.54,
13.07,0.00,8434.62,
13.08,0.00,8448.72,
13.09,0.00,8462.82,
13.10,0.00,8476.94,
13.11,0.00,8491.07,
13.12,0.00,8505.21,
13.13,0.00,8519.37,
13.14,0.00,8533.54,
13.15,0.00,8547.72,
13.16,0.00,8561.92,
13.17,0.00,8576.12,
13.18,0.00,8590.34,
13.19,0.00,8604.58,
13.20,0.00,8618.82,
13.21,0.00,8633.08,
13.22,0.00,8647.35,
13.23,0.00,8661.64,
13.24,0.00,8675.93,
13.25,0.00,8690.24,
13.26,0.00,8704.56,
13.27,0.00,8718.90,
13.28,0.00,8733.25,
13.29,0.00,8747.61,
13.30,0.00,8761.98,
13.31,0.00,8776.37,
13.32,0.00,8790.77,
13.33,0.00,8805.18,
13.34,0.00,8819.60,
13.35,0.00,8834.04,
13.36,0.00,8848.49,
13.37,0.00,8862.95,
13.38,0.00,8877.43,
13.39,0.00,8891.92,
13.40,0.00,8906.42,
13.41,0.00,8920.93,
13.42,0.00,8935.46,
13.43,0.00,8950.00,
13.44,0.00,8964.55,
13.45,0.00,8979.12,
13.46,0.00,8993.70,
13.47,0.00,9008.29,
13.48,0.00,9022.89,
13.49,0.00,9037.51,
13.50,0.00,9052.14,
13.51,0.00,9066.78,
13.52,0.00,9081.44,
13.53,0.00,9096.10,
13.54,0.00,9110.78,
13.55,0.00,9125.48,
13.56,0.00,9140.18,
13.57,0.00,9154.90,
13.58,0.00,9169.64,
13.59,0.00,9184.38,
13.60,0.00,9199.14,
13.61,0.00,9213.91,
13.62,0.00,9228.69,
13.63,0.00,9243.49,
13.64,0.00,9258.30,
13.65,0.00,9273.12,
13.66,0.00,9287.96,
13.67,0.00,9302.80,
13.68,0.00,9317.66,
13.69,0.00,9332.54,
13.70,0.00,9347.42,
13.71,0.00,9362.32,
13.72,0.00,9377.24,
13.73,0.00,9392.16,
13.74,0.00,9407.10,
13.75,0.00,9422.05,
13.76,0.00,9437.01,
13.77,0.00,9451.99,
13.78,0.00,9466.98,
13.79,0.00,9481.98,
13.80,0.00,9496.99,
13.81,0.00,9512.02,
13.82,0.00,9527.06,
13.83,0.00,9542.12,
13.84,0.00,9557.18,
13.85,0.00,9572.26,
13.86,0.00,9587.35,
13.87,0.00,9602.46,
13.88,0.00,9617.58,
13.89,0.00,9632.71,
13.90,0.00,9647.85,
13.91,0.00,9663.01,
13.92,0.00,9678.18,
13.93,0.00,9693.36,
13.94,0.00,9708.56,
13.95,0.00,9723.77,
13.96,0.00,9738.99,
13.97,0.00,9754.22,
13.98,0.00,9769.47,
13.99,0.00,9784.73,
14.00,0.00,9800.00,*
14.01,0.00,9812.70,
14.02,0.00,9825.41,
14.03,0.00,9838.12,
14.04,0.00,9850.84,
14.05,0.00,9863.57,
14.06,0.00,9876.31,
14.07,0.00,9889.05,
14.08,0.00,9901.80,
14.09,0.00,9914.56,
14.10,0.00,9927.33,
14.11,0.00,9940.10,
14.12,0.00,9952.88,
14.13,0.00,9965.67,
14.14,0.00,9978.46,
14.15,0.00,9991.27,
14.16,0.00,10004.08,
14.17,0.00,10016.90,
14.18,0.00,10029.72,
14.19,0.00,10042.55,
14.20,0.00,10055.39,
14.21,0.00,10068.24,
14.22,0.00,10081.09,
14.23,0.00,10093.95,
14.24,0.00,10106.82,
14.25,0.00,10119.70,
14.26,0.00,10132.58,
14.27,0.00,10145.47,
14.28,0.00,10158.37,
14.29,0.00,10171.28,
14.30,0.00,10184.19,
14.31,0.00,10197.11,
14.32,0.00,10210.04,
14.33,0.00,10222.98,
14.34,0.00,10235.92,
14.35,0.00,10248.87,
14.36,0.00,10261.83,
14.37,0.00,10274.79,
14.38,0.00,10287.76,
14.39,0.00,10300.74,
14.40,0.00,10313.73,
14.41,0.00,10326.72,
14.42,0.00,10339.72,
14.43,0.00,10352.73,
14.44,0.00,10365.75,
14.45,0.00,10378.77,
14.46,0.00,10391.80,
14.47,0.00,10404.84,
14.48,0.00,10417.88,
14.49,0.00,10430.94,
14.50,0.00,10444.00,
14.51,0.00,10457.06,
14.52,0.00,10470.14,
14.53,0.00,10483.22,
14.54,0.00,10496.31,
14.55,0.00,10509.41,
14.56,0.00,10522.51,
14.57,0.00,10535.62,
14.58,0.00,10548.74,
14.59,0.00,10561.87,
14.60,0.00,10575.00,
14.61,0.00,10588.14,
14.62,0.00,10601.29,
14.63,0.00,10614.44,
14.64,0.00,10627.60,
14.65,0.00,10640.77,
14.66,0.00,10653.95,
14.67,0.00,10667.14,
14.68,0.00,10680.33,
14.69,0.00,10693.53,
14.70,0.00,10706.73,
14.71,0.00,10719.95,
14.72,0.00,10733.17,
14.73,0.00,10746.40,
14.74,0.00,10759.63,
14.75,0.00,10772.88,
14.76,0.00,10786.13,
14.77,0.00,10799.38,
14.78,0.00,10812.65,
14.79,0.00,10825.92,
14.80,0.00,10839.20,
14.81,0.00,10852.49,
14.82,0.00,10865.78,
14.83,0.00,10879.08,
14.84,0.00,10892.39,
14.85,0.00,10905.71,
14.86,0.00,10919.03,
14.87,0.00,10932.36,
14.88,0.00,10945.70,
14.89,0.00,10959.04,
14.90,0.00,10972.40,
14.91,0.00,10985.76,
14.92,0.00,10999.12,
14.93,0.00,11012.50,
14.94,0.00,11025.88,
14.95,0.00,11039.27,
14.96,0.00,11052.66,
14.97,0.00,11066.07,
14.98,0.00,11079.48,
14.99,0.00,11092.90,
15.00,0.00,11106.32,
15.01,0.00,11119.75,
15.02,0.00,11133.19,
15.03,0.00,11146.64,
15.04,0.00,11160.09,
15.05,0.00,11173.56,
15.06,0.00,11187.03,
15.07,0.00,11200.50,
15.08,0.00,11213.99,
15.09,0.00,11227.48,
15.10,0.00,11240.97,
15.11,0.00,11254.48,
15.12,0.00,11267.99,
15.13,0.00,11281.51,
15.14,0.00,11295.04,
15.15,0.00,11308.57,
15.16,0.00,11322.12,
15.17,0.00,11335.67,
15.18,0.00,11349.22,
15.19,0.00,11362.79,
15.20,0.00,11376.36,
15.21,0.00,11389.93,
15.22,0.00,11403.52,
15.23,0.00,11417.11,
15.24,0.00,11430.71,
15.25,0.00,11444.32,
15.26,0.00,11457.93,
15.27,0.00,11471.56,
15.28,0.00,11485.18,
15.29,0.00,11498.82,
15.30,0.00,11512.46,
15.31,0.00,11526.12,
15.32,0.00,11539.77,
15.33,0.00,11553.44,
15.34,0.00,11567.11,
15.35,0.00,11580.79,
15.36,0.00,11594.48,
15.37,0.00,11608.17,
15.38,0.00,11621.87,
15.39,0.00,11635.58,
15.40,0.00,11649.30,
15.41,0.00,11663.02,
15.42,0.00,11676.75,
15.43,0.00,11690.49,
15.44,0.00,11704.23,
15.45,0.00,11717.99,
15.46,0.00,11731.75,
15.47,0.00,11745.51,
15.48,0.00,11759.29,
15.49,0.00,11773.07,
15.50,0.00,11786.86,
15.51,0.00,11800.65,
15.52,0.00,11814.46,
15.53,0.00,11828.27,
15.54,0.00,11842.08,
15.55,0.00,11855.91,
15.56,0.00,11869.74,
15.57,0.00,11883.58,
15.58,0.00,11897.43,
15.59,0.00,11911.28,
15.60,0.00,11925.14,
15.61,0.00,11939.01,
15.62,0.00,11952.88,
15.63,0.00,11966.77,
15.64,0.00,11980.66,
15.65,0.00,11994.55,
15.66,0.00,12008.46,
15.67,0.00,12022.37,
15.68,0.00,12036.29,
15.69,0.00,12050.21,
15.70,0.00,12064.15,
15.71,0.00,12078.09,
15.72,0.00,12092.03,
15.73,0.00,12105.99,
15.74,0.00,12119.95,
15.75,0.00,12133.92,
15.76,0.00,12147.90,
15.77,0.00,12161.88,
15.78,0.00,12175.87,
15.79,0.00,12189.87,
15.80,0.00,12203.87,
15.81,0.00,12217.89,
15.82,0.00,12231.91,
15.83,0.00,12245.93,
15.84,0.00,12259.97,
15.85,0.00,12274.01,
15.86,0.00,12288.06,
15.87,0.00,12302.11,
15.88,0.00,12316.18,
15.89,0.00,12330.25,
15.90,0.00,12344.32,
15.91,0.00,12358.41,
15.92,0.00,12372.50,
15.93,0.00,12386.60,
15.94,0.00,12400.71,
15.95,0.00,12414.82,
15.96,0.00,12428.94,
15.97,0.00,12443.07,
15.98,0.00,12457.20,
15.99,0.00,12471.35,
16.00,0.00,12485.49,
16.01,0.00,12499.65,
16.02,0.00,12513.82,
16.03,0.00,12527.99,
16.04,0.00,12542.16,
16.05,0.00,12556.35,*
16.06,0.00,12571.05,
16.07,0.00,12585.76,
16.08,0.00,12600.48,
16.09,0.00,12615.21,
16.10,0.00,12629.95,
16.11,0.00,12644.69,
16.12,0.00,12659.44,
16.13,0.00,12674.20,
16.14,0.00,12688.97,
16.15,0.00,12703.74,
16.16,0.00,12718.52,
16.17,0.00,12733.32,
16.18,0.00,12748.12,
16.19,0.00,12762.92,
16.20,0.00,12777.74,
16.21,0.00,12792.56,
16.22,0.00,12807.39,
16.23,0.00,12822.23,
16.24,0.00,12837.08,
16.25,0.00,12851.94,
16.26,0.00,12866.80,
16.27,0.00,12881.67,
16.28,0.00,12896.55,
16.29,0.00,12911.44,
16.30,0.00,12926.34,
16.31,0.00,12941.24,
16.32,0.00,12956.15,
16.33,0.00,12971.07,
16.34,0.00,12986.00,
16.35,0.00,13000.94,
16.36,0.00,13015.88,
16.37,0.00,13030.83,
16.38,0.00,13045.79,
16.39,0.00,13060.76,
16.40,0.00,13075.74,
16.41,0.00,13090.72,
16.42,0.00,13105.71,
16.43,0.00,13120.71,
16.44,0.00,13135.72,
16.45,0.00,13150.74,
16.46,0.00,13165.76,
16.47,0.00,13180.79,
16.48,0.00,13195.84,
16.49,0.00,13210.88,
16.50,0.00,13225.94,
16.51,0.00,13241.00,
16.52,0.00,13256.08,
16.53,0.00,13271.16,
16.54,0.00,13286.25,
16.55,0.00,13301.34,
16.56,0.00,13316.45,
16.57,0.00,13331.56,
16.58,0.00,13346.68,
16.59,0.00,13361.81,
16.60,0.00,13376.95,
16.61,0.00,13392.09,
16.62,0.00,13407.24,
16.63,0.00,13422.40,
16.64,0.00,13437.57,
16.65,0.00,13452.75,
16.66,0.00,13467.93,
16.67,0.00,13483.13,
16.68,0.00,13498.33,
16.69,0.00,13513.54,
16.70,0.00,13528.75,
16.71,0.00,13543.98,
16.72,0.00,13559.21,
16.73,0.00,13574.45,
16.74,0.00,13589.70,
16.75,0.00,13604.96,
16.76,0.00,13620.22,
16.77,0.00,13635.49,
16.78,0.00,13650.78,
16.79,0.00,13666.06,
16.80,0.00,13681.36,
16.81,0.00,13696.67,
16.82,0.00,13711.98,
16.83,0.00,13727.30,
16.84,0.00,13742.63,
16.85,0.00,13757.97,
16.86,0.00,13773.31,
16.87,0.00,13788.66,
16.88,0.00,13804.02,
16.89,0.00,13819.39,
16.90,0.00,13834.77,
16.91,0.00,13850.16,
16.92,0.00,13865.55,
16.93,0.00,13880.95,
16.94,0.00,13896.36,
16.95,0.00,13911.77,
16.96,0.00,13927.20,
16.97,0.00,13942.63,
16.98,0.00,13958.07,
16.99,0.00,13973.52,
17.00,0.00,13988.98,
17.01,0.00,14004.44,
17.02,0.00,14019.92,
17.03,0.00,14035.40,
17.04,0.00,14050.89,
17.05,0.00,14066.38,
17.06,0.00,14081.89,
17.07,0.00,14097.40,
17.08,0.00,14112.92,
17.09,0.00,14128.45,
17.10,0.00,14143.99,
17.11,0.00,14159.53,
17.12,0.00,14175.08,
17.13,0.00,14190.65,
17.14,0.00,14206.21,
17.15,0.00,14221.79,
17.16,0.00,14237.38,
17.17,0.00,14252.97,
17.18,0.00,14268.57,
17.19,0.00,14284.18,
17.20,0.00,14299.79,
17.21,0.00,14315.42,
17.22,0.00,14331.05,
17.23,0.00,14346.69,
17.24,0.00,14362.34,
17.25,0.00,14378.00,
17.26,0.00,14393.66,
17.27,0.00,14409.33,
17.28,0.00,14425.01,
17.29,0.00,14440.70,
17.30,0.00,14456.40,
17.31,0.00,14472.10,
17.32,0.00,14487.82,
17.33,0.00,14503.54,
17.34,0.00,14519.26,
17.35,0.00,14535.00,
17.36,0.00,14550.74,
17.37,0.00,14566.50,
17.38,0.00,14582.26,
17.39,0.00,14598.02,
17.40,0.00,14613.80,
17.41,0.00,14629.59,
17.42,0.00,14645.38,
17.43,0.00,14661.18,
17.44,0.00,14676.99,
17.45,0.00,14692.80,
17.46,0.00,14708.63,
17.47,0.00,14724.46,
17.48,0.00,14740.30,
17.49,0.00,14756.14,
17.50,0.00,14772.00,
17.51,0.00,14787.86,
17.52,0.00,14803.74,
17.53,0.00,14819.62,
17.54,0.00,14835.50,
17.55,0.00,14851.40,
17.56,0.00,14867.30,
17.57,0.00,14883.21,
17.58,0.00,14899.13,
17.59,0.00,14915.06,
17.60,0.00,14931.00,
17.61,0.00,14946.94,
17.62,0.00,14962.89,
17.63,0.00,14978.85,
17.64,0.00,14994.82,
17.65,0.00,15010.79,
17.66,0.00,15026.78,
17.67,0.00,15042.77,
17.68,0.00,15058.77,
17.69,0.00,15074.77,
17.70,0.00,15090.79,
17.71,0.00,15106.81,
17.72,0.00,15122.84,
17.73,0.00,15138.88,
17.74,0.00,15154.93,
17.75,0.00,15170.98,
17.76,0.00,15187.05,
17.77,0.00,15203.12,
17.78,0.00,15219.19,
17.79,0.00,15235.28,
17.80,0.00,15251.38,
17.81,0.00,15267.48,
17.82,0.00,15283.59,
17.83,0.00,15299.71,
17.84,0.00,15315.83,
17.85,0.00,15331.97,
17.86,0.00,15348.11,
17.87,0.00,15364.26,*
17.88,0.00,15379.22,
17.89,0.00,15394.18,
17.90,0.00,15409.15,
17.91,0.00,15424.13,
17.92,0.00,15439.11,
17.93,0.00,15454.10,
17.94,0.00,15469.10,
17.95,0.00,15484.10,
17.96,0.00,15499.10,
17.97,0.00,15514.12,
17.98,0.00,15529.14,
17.99,0.00,15544.16,
18.00,0.00,15559.20,
18.01,0.00,15574.23,
18.02,0.00,15589.28,
18.03,0.00,15604.33,
18.04,0.00,15619.39,
18.05,0.00,15634.45,
18.06,0.00,15649.52,
18.07,0.00,15664.59,
18.08,0.00,15679.68,
18.09,0.00,15694.76,
18.10,0.00,15709.86,
18.11,0.00,15724.96,
18.12,0.00,15740.06,
18.13,0.00,15755.18,
18.14,0.00,15770.29,
18.15,0.00,15785.42,
18.16,0.00,15800.55,
18.17,0.00,15815.69,
18.18,0.00,15830.83,
18.19,0.00,15845.98,
18.20,0.00,15861.13,
18.21,0.00,15876.30,
18.22,0.00,15891.46,
18.23,0.00,15906.64,
18.24,0.00,15921.82,
18.25,0.00,15937.00,
18.26,0.00,15952.20,
18.27,0.00,15967.40,
18.28,0.00,15982.60,
18.29,0.00,15997.81,
18.30,0.00,16013.03,
18.31,0.00,16028.25,
18.32,0.00,16043.48,
18.33,0.00,16058.72,
18.34,0.00,16073.96,
18.35,0.00,16089.21,
18.36,0.00,16104.46,
18.37,0.00,16119.72,
18.38,0.00,16134.99,
18.39,0.00,16150.26,
18.40,0.00,16165.54,
18.41,0.00,16180.82,
18.42,0.00,16196.11,
18.43,0.00,16211.41,
18.44,0.00,16226.71,
18.45,0.00,16242.02,
18.46,0.00,16257.34,
18.47,0.00,16272.66,
18.48,0.00,16287.99,
18.49,0.00,16303.32,
18.50,0.00,16318.66,
18.51,0.00,16334.01,
18.52,0.00,16349.36,
18.53,0.00,16364.72,
18.54,0.00,16380.08,
18.55,0.00,16395.45,
18.56,0.00,16410.83,
18.57,0.00,16426.21,
18.58,0.00,16441.60,
18.59,0.00,16456.99,
18.60,0.00,16472.40,
18.61,0.00,16487.80,
18.62,0.00,16503.22,
18.63,0.00,16518.64,
18.64,0.00,16534.06,
18.65,0.00,16549.49,
18.66,0.00,16564.93,
18.67,0.00,16580.38,
18.68,0.00,16595.83,
18.69,0.00,16611.28,
18.70,0.00,16626.74,
18.71,0.00,16642.21,
18.72,0.00,16657.69,
18.73,0.00,16673.17,
18.74,0.00,16688.65,
18.75,0.00,16704.15,
18.76,0.00,16719.65,
18.77,0.00,16735.15,
18.78,0.00,16750.66,
18.79,0.00,16766.18,
18.80,0.00,16781.70,
18.81,0.00,16797.23,
18.82,0.00,16812.77,
18.83,0.00,16828.31,
18.84,0.00,16843.86,
18.85,0.00,16859.41,
18.86,0.00,16874.97,
18.87,0.00,16890.54,
18.88,0.00,16906.11,
18.89,0.00,16921.69,
18.90,0.00,16937.27,
18.91,0.00,16952.86,
18.92,0.00,16968.46,
18.93,0.00,16984.06,
18.94,0.00,16999.67,
18.95,0.00,17015.29,
18.96,0.00,17030.91,
18.97,0.00,17046.54,
18.98,0.00,17062.17,
18.99,0.00,17077.81,
19.00,0.00,17093.45,
19.01,0.00,17109.11,
19.02,0.00,17124.76,
19.03,0.00,17140.43,
19.04,0.00,17156.10,
19.05,0.00,17171.77,
19.06,0.00,17187.45,
19.07,0.00,17203.14,
19.08,0.00,17218.84,
19.09,0.00,17234.54,
19.10,0.00,17250.24,
19.11,0.00,17265.96,
19.12,0.00,17281.67,
19.13,0.00,17297.40,
19.14,0.00,17313.13,
19.15,0.00,17328.87,
19.16,0.00,17344.61,
19.17,0.00,17360.36,
19.18,0.00,17376.11,
19.19,0.00,17391.87,
19.20,0.00,17407.64,
19.21,0.00,17423.41,
19.22,0.00,17439.19,
19.23,0.00,17454.98,
19.24,0.00,17470.77,
19.25,0.00,17486.57,
19.26,0.00,17502.37,
19.27,0.00,17518.18,
19.28,0.00,17534.00,
19.29,0.00,17549.82,
19.30,0.00,17565.65,
19.31,0.00,17581.48,
19.32,0.00,17597.32,
19.33,0.00,17613.17,
19.34,0.00,17629.02,
19.35,0.00,17644.88,
19.36,0.00,17660.74,
19.37,0.00,17676.61,
19.38,0.00,17692.49,
19.39,0.00,17708.37,
19.40,0.00,17724.26,
19.41,0.00,17740.15,
19.42,0.00,17756.05,
19.43,0.00,17771.96,
19.44,0.00,17787.87,
19.45,0.00,17803.79,
19.46,0.00,17819.71,
19.47,0.00,17835.64,
19.48,0.00,17851.58,
19.49,0.00,17867.52,
19.50,0.00,17883.47,
19.51,0.00,17899.43,
19.52,0.00,17915.39,
19.53,0.00,17931.36,
19.54,0.00,17947.33,
19.55,0.00,17963.31,
19.56,0.00,17979.29,
19.57,0.00,17995.28,
19.58,0.00,18011.28,
19.59,0.00,18027.29,
19.60,0.00,18043.29,
19.61,0.00,18059.31,
19.62,0.00,18075.33,
19.63,0.00,18091.36,
19.64,0.00,18107.39,
19.65,0.00,18123.43,
19.66,0.00,18139.48,
19.67,0.00,18155.53,
19.68,0.00,18171.59,
19.69,0.00,18187.65,
19.70,0.00,18203.72,
19.71,0.00,18219.80,
19.72,0.00,18235.88,
19.73,0.00,18251.97,
19.74,0.00,18268.06,
19.75,0.00,18284.16,
19.76,0.00,18300.27,
19.77,0.00,18316.38,
19.78,0.00,18332.50,
19.79,0.00,18348.62,
19.80,0.00,18364.75,
19.81,0.00,18380.89,
19.82,0.00,18397.03,
19.83,0.00,18413.18,
19.84,0.00,18429.33,
19.85,0.00,18445.49,
19.86,0.00,18461.66,
19.87,0.00,18477.83,
19.88,0.00,18494.01,
19.89,0.00,18510.19,
19.90,0.00,18526.38,
19.91,0.00,18542.58,
19.92,0.00,18558.78,
19.93,0.00,18574.99,
19.94,0.00,18591.20,
19.95,0.00,18607.42,
19.96,0.00,18623.65,
19.97,0.00,18639.88,
19.98,0.00,18656.12,
19.99,0.00,18672.36,
20.00,0.00,18688.61,
20.01,0.00,18704.87,
20.02,0.00,18721.13,
20.03,0.00,18737.40,
20.04,0.00,18753.67,
20.05,0.00,18769.96,
20.06,0.00,18786.24,
20.07,0.00,18802.53,
20.08,0.00,18818.83,
20.09,0.00,18835.14,
20.10,0.00,18851.45,
20.11,0.00,18867.76,
20.12,0.00,18884.09,
20.13,0.00,18900.41,
20.14,0.00,18916.75,
20.15,0.00,18933.09,
20.16,0.00,18949.44,
20.17,0.00,18965.79,
20.18,0.00,18982.15,
20.19,0.00,18998.51,
20.20,0.00,19014.88,
20.21,0.00,19031.26,
20.22,0.00,19047.64,
20.23,0.00,19064.03,
20.24,0.00,19080.42,
20.25,0.00,19096.82,
20.26,0.00,19113.23,
20.27,0.00,19129.64,
20.28,0.00,19146.06,*
20.29,0.00,19163.46,
20.30,0.00,19180.86,
20.31,0.00,19198.27,
20.32,0.00,19215.69,
20.33,0.00,19233.11,
20.34,0.00,19250.54,
20.35,0.00,19267.98,
20.36,0.00,19285.43,
20.37,0.00,19302.88,
20.38,0.00,19320.34,
20.39,0.00,19337.81,
20.40,0.00,19355.29,
20.41,0.00,19372.77,
20.42,0.00,19390.26,
20.43,0.00,19407.76,
20.44,0.00,19425.26,
20.45,0.00,19442.77,
20.46,0.00,19460.29,
20.47,0.00,19477.82,
20.48,0.00,19495.35,
20.49,0.00,19512.89,
20.50,0.00,19530.44,
20.51,0.00,19547.99,
20.52,0.00,19565.55,
20.53,0.00,19583.12,
20.54,0.00,19600.70,
20.55,0.00,19618.28,
20.56,0.00,19635.87,
20.57,0.00,19653.47,
20.58,0.00,19671.07,
20.59,0.00,19688.69,
20.60,0.00,19706.31,
20.61,0.00,19723.93,
20.62,0.00,19741.57,
20.63,0.00,19759.21,
20.64,0.00,19776.86,
20.65,0.00,19794.51,
20.66,0.00,19812.17,
20.67,0.00,19829.84,
20.68,0.00,19847.52,
20.69,0.00,19865.20,
20.70,0.00,19882.90,
20.71,0.00,19900.60,
20.72,0.00,19918.30,
20.73,0.00,19936.01,
20.74,0.00,19953.73,
20.75,0.00,19971.46,
20.76,0.00,19989.20,
20.77,0.00,20006.94,
20.78,0.00,20024.69,
20.79,0.00,20042.44,
20.80,0.00,20060.21,
20.81,0.00,20077.98,
20.82,0.00,20095.76,
20.83,0.00,20113.54,
20.84,0.00,20131.33,
20.85,0.00,20149.13,
20.86,0.00,20166.94,
20.87,0.00,20184.75,
20.88,0.00,20202.57,
20.89,0.00,20220.40,
20.90,0.00,20238.24,
20.91,0.00,20256.08,
20.92,0.00,20273.93,
20.93,0.00,20291.79,
20.94,0.00,20309.65,
20.95,0.00,20327.52,
20.96,0.00,20345.40,
20.97,0.00,20363.29,
20.98,0.00,20381.18,
20.99,0.00,20399.08,
21.00,0.00,20416.99,
21.01,0.00,20434.90,
21.02,0.00,20452.82,
21.03,0.00,20470.75,
21.04,0.00,20488.69,
21.05,0.00,20506.63,
21.06,0.00,20524.58,
21.07,0.00,20542.54,
21.08,0.00,20560.50,
21.09,0.00,20578.47,
21.10,0.00,20596.45,
21.11,0.00,20614.44,
21.12,0.00,20632.43,
21.13,0.00,20650.43,
21.14,0.00,20668.44,
21.15,0.00,20686.46,
21.16,0.00,20704.48,
21.17,0.00,20722.51,
21.18,0.00,20740.54,
21.19,0.00,20758.59,
21.20,0.00,20776.64,
21.21,0.00,20794.70,
21.22,0.00,20812.76,
21.23,0.00,20830.83,
21.24,0.00,20848.91,
21.25,0.00,20867.00,
21.26,0.00,20885.09,
21.27,0.00,20903.19,
21.28,0.00,20921.30,
21.29,0.00,20939.42,
21.30,0.00,20957.54,
21.31,0.00,20975.67,
21.32,0.00,20993.81,
21.33,0.00,21011.95,
21.34,0.00,21030.10,
21.35,0.00,21048.26,
21.36,0.00,21066.43,
21.37,0.00,21084.60,
21.38,0.00,21102.78,
21.39,0.00,21120.97,
21.40,0.00,21139.16,
21.41,0.00,21157.36,
21.42,0.00,21175.57,
21.43,0.00,21193.79,
21.44,0.00,21212.01,
21.45,0.00,21230.24,
21.46,0.00,21248.48,
21.47,0.00,21266.72,
21.48,0.00,21284.97,
21.49,0.00,21303.23,
21.50,0.00,21321.50,
21.51,0.00,21339.77,
21.52,0.00,21358.05,
21.53,0.00,21376.34,
21.54,0.00,21394.63,
21.55,0.00,21412.93,
21.56,0.00,21431.24,*
21.57,0.00,21458.56,
21.58,0.00,21485.90,
21.59,0.00,21513.27,
21.60,0.00,21540.65,
21.61,0.00,21568.06,
21.62,0.00,21595.49,
21.63,0.00,21622.95,
21.64,0.00,21650.42,
21.65,0.00,21677.92,
21.66,0.00,21705.44,
21.67,0.00,21732.98,
21.68,0.00,21760.55,
21.69,0.00,21788.13,
21.70,0.00,21815.74,
21.71,0.00,21843.37,
21.72,0.00,21871.03,
21.73,0.00,21898.70,
21.74,0.00,21926.40,
21.75,0.00,21954.12,
21.76,0.00,21981.86,
21.77,0.00,22009.63,
21.78,0.00,22037.41,
21.79,0.00,22065.22,
21.80,0.00,22093.05,
21.81,0.00,22120.91,
21.82,0.00,22148.78,
21.83,0.00,22176.68,
21.84,0.00,22204.60,
21.85,0.00,22232.55,
21.86,0.00,22260.51,
21.87,0.00,22288.50,
21.88,0.00,22316.51,
21.89,0.00,22344.54,
21.90,0.00,22372.60,
21.91,0.00,22400.67,
21.92,0.00,22428.77,
21.93,0.00,22456.90,
21.94,0.00,22485.04,
21.95,0.00,22513.21,
21.96,0.00,22541.40,
21.97,0.00,22569.61,
21.98,0.00,22597.84,
21.99,0.00,22626.10,
22.00,0.00,22654.38,
22.01,0.00,22682.68,
22.02,0.00,22711.01,
22.03,0.00,22739.35,
22.04,0.00,22767.72,
22.05,0.00,22796.11,
22.06,0.00,22824.53,
22.07,0.00,22852.96,
22.08,0.00,22881.42,
22.09,0.00,22909.91,
22.10,0.00,22938.41,
22.11,0.00,22966.94,
22.12,0.00,22995.49,
22.13,0.00,23024.06,
22.14,0.00,23052.65,
22.15,0.00,23081.27,
22.16,0.00,23109.91,
22.17,0.00,23138.57,
22.18,0.00,23167.26,
22.19,0.00,23195.96,
22.20,0.00,23224.69,
22.21,0.00,23253.45,
22.22,0.00,23282.22,
22.23,0.00,23311.02,
22.24,0.00,23339.84,
22.25,0.00,23368.68,
22.26,0.00,23397.55,
22.27,0.00,23426.44,
22.28,0.00,23455.35,
22.29,0.00,23484.28,
22.30,0.00,23513.24,
22.31,0.00,23542.22,
22.32,0.00,23571.22,
22.33,0.00,23600.25,
22.34,0.00,23629.29,
22.35,0.00,23658.36,
22.36,0.00,23687.46,
22.37,0.00,23716.57,
22.38,0.00,23745.71,
22.39,0.00,23774.87,
22.40,0.00,23804.06,
22.41,0.00,23833.26,
22.42,0.00,23862.49,
22.43,0.00,23891.75,
22.44,0.00,23921.02,
22.45,0.00,23950.32,
22.46,0.00,23979.64,
22.47,0.00,24008.98,
22.48,0.00,24038.35,
22.49,0.00,24067.74,
22.50,0.00,24097.15,
22.51,0.00,24126.58,
22.52,0.00,24156.04,
22.53,0.00,24185.52,
22.54,0.00,24215.03,
22.55,0.00,24244.55,
22.56,0.00,24274.10,
22.57,0.00,24303.67,
22.58,0.00,24333.27,
22.59,0.00,24362.89,
22.60,0.00,24392.53,
22.61,0.00,24422.19,
22.62,0.00,24451.88,
22.63,0.00,24481.59,
22.64,0.00,24511.32,
22.65,0.00,24541.08,
22.66,0.00,24570.86,
22.67,0.00,24600.66,
22.68,0.00,24630.48,
22.69,0.00,24660.33,
22.70,0.00,24690.20,
22.71,0.00,24720.09,
22.72,0.00,24750.01,*
22.73,0.00,24798.11,
22.74,0.00,24846.28,
22.75,0.00,24894.52,
22.76,0.00,24942.83,
22.77,0.00,24991.22,
22.78,0.00,25039.68,
22.79,0.00,25088.21,
22.80,0.00,25136.81,
22.81,0.00,25185.49,
22.82,0.00,25234.24,
22.83,0.00,25283.06,
22.84,0.00,25331.96,
22.85,0.00,25380.93,
22.86,0.00,25429.97,
22.87,0.00,25479.08,
22.88,0.00,25528.27,
22.89,0.00,25577.53,
22.90,0.00,25626.87,
22.91,0.00,25676.28,
22.92,0.00,25725.76,
22.93,0.00,25775.32,
22.94,0.00,25824.95,
22.95,0.00,25874.65,
22.96,0.00,25924.43,
22.97,0.00,25974.28,
22.98,0.00,26024.21,
22.99,0.00,26074.21,
23.00,0.00,26124.28,
23.01,0.00,26174.43,
23.02,0.00,26224.66,
23.03,0.00,26274.95,
23.04,0.00,26325.33,
23.05,0.00,26375.77,
23.06,0.00,26426.30,
23.07,0.00,26476.89,
23.08,0.00,26527.56,
23.09,0.00,26578.31,
23.10,0.00,26629.13,
23.11,0.00,26680.03,
23.12,0.00,26731.00,
23.13,0.00,26782.05,
23.14,0.00,26833.17,
23.15,0.00,26884.37,
23.16,0.00,26935.64,
23.17,0.00,26986.99,
23.18,0.00,27038.41,
23.19,0.00,27089.92,
23.20,0.00,27141.49,
23.21,0.00,27193.14,
23.22,0.00,27244.87,
23.23,0.00,27296.68,
23.24,0.00,27348.56,
23.25,0.00,27400.51,
23.26,0.00,27452.55,
23.27,0.00,27504.65,
23.28,0.00,27556.84,
23.29,0.00,27609.10,
23.30,0.00,27661.44,
23.31,0.00,27713.86,
23.32,0.00,27766.35,
23.33,0.00,27818.92,
23.34,0.00,27871.56,
23.35,0.00,27924.29,
23.36,0.00,27977.09,
23.37,0.00,28029.97,
23.38,0.00,28082.92,
23.39,0.00,28135.95,
23.40,0.00,28189.06,
23.41,0.00,28242.25,
23.42,0.00,28295.51,
23.43,0.00,28348.86,
23.44,0.00,28402.28,
23.45,0.00,28455.77,
23.46,0.00,28509.35,
23.47,0.00,28563.00,
23.48,0.00,28616.73,
23.49,0.00,28670.54,
23.50,0.00,28724.43,
23.51,0.00,28778.40,
23.52,0.00,28832.44,
23.53,0.00,28886.57,
23.54,0.00,28940.77,
23.55,0.00,28995.05,
23.56,0.00,29049.41,
23.57,0.00,29103.84,
23.58,0.00,29158.36,
23.59,0.00,29212.96,
23.60,0.00,29267.63,
23.61,0.00,29322.38,
23.62,0.00,29377.22,
23.63,0.00,29432.13,
23.64,0.00,29487.12,
23.65,0.00,29542.19,
23.66,0.00,29597.34,
23.67,0.00,29652.57,
23.68,0.00,29707.88,
23.69,0.00,29763.27,*
23.70,0.00,29844.12,
23.71,0.00,29925.16,
23.72,0.00,30006.38,
23.73,0.00,30087.78,
23.74,0.00,30169.38,
23.75,0.00,30251.16,
23.76,0.00,30333.13,
23.77,0.00,30415.28,
23.78,0.00,30497.63,
23.79,0.00,30580.16,
23.80,0.00,30662.88,
23.81,0.00,30745.79,
23.82,0.00,30828.88,
23.83,0.00,30912.17,
23.84,0.00,30995.65,
23.85,0.00,31079.32,
23.86,0.00,31163.17,
23.87,0.00,31247.22,
23.88,0.00,31331.46,
23.89,0.00,31415.90,
23.90,0.00,31500.52,
23.91,0.00,31585.34,
23.92,0.00,31670.35,
23.93,0.00,31755.55,
23.94,0.00,31840.94,
23.95,0.00,31926.53,
23.96,0.00,32012.32,
23.97,0.00,32098.30,
23.98,0.00,32184.47,
23.99,0.00,32270.84,
24.00,0.00,32357.40,
24.01,0.00,32444.17,
24.02,0.00,32531.12,
24.03,0.00,32618.28,
24.04,0.00,32705.63,
24.05,0.00,32793.17,
24.06,0.00,32880.92,
24.07,0.00,32968.86,
24.08,0.00,33057.01,
24.09,0.00,33145.35,
24.10,0.00,33233.89,
24.11,0.00,33322.63,
24.12,0.00,33411.57,
24.13,0.00,33500.71,
24.14,0.00,33590.05,
24.15,0.00,33679.60,
24.16,0.00,33769.34,
24.17,0.00,33859.29,
24.18,0.00,33949.43,
24.19,0.00,34039.78,
24.20,0.00,34130.34,
24.21,0.00,34221.10,
24.22,0.00,34312.06,
24.23,0.00,34403.22,
24.24,0.00,34494.59,
24.25,0.00,34586.17,
24.26,0.00,34677.94,
24.27,0.00,34769.93,
24.28,0.00,34862.12,
24.29,0.00,34954.52,
24.30,0.00,35047.12,
24.31,0.00,35139.93,
24.32,0.00,35232.95,
24.33,0.00,35326.18,
24.34,0.00,35419.61,
24.35,0.00,35513.26,
24.36,0.00,35607.11,
24.37,0.00,35701.17,
24.38,0.00,35795.44,
24.39,0.00,35889.92,
24.40,0.00,35984.61,
24.41,0.00,36079.52,
24.42,0.00,36174.63,*
24.43,0.00,36298.78,
24.44,0.00,36423.31,
24.45,0.00,36548.21,
24.46,0.00,36673.49,
24.47,0.00,36799.15,
24.48,0.00,36925.18,
24.49,0.00,37051.60,
24.50,0.00,37178.40,
24.51,0.00,37305.58,
24.52,0.00,37433.14,
24.53,0.00,37561.09,
24.54,0.00,37689.42,
24.55,0.00,37818.13,
24.56,0.00,37947.24,
24.57,0.00,38076.73,
24.58,0.00,38206.61,
24.59,0.00,38336.88,
24.60,0.00,38467.54,
24.61,0.00,38598.59,
24.62,0.00,38730.04,
24.63,0.00,38861.88,
24.64,0.00,38994.12,
24.65,0.00,39126.75,
24.66,0.00,39259.78,
24.67,0.00,39393.20,
24.68,0.00,39527.03,
24.69,0.00,39661.25,
24.70,0.00,39795.88,
24.71,0.00,39930.91,
24.72,0.00,40066.34,
24.73,0.00,40202.18,
24.74,0.00,40338.42,
24.75,0.00,40475.07,
24.76,0.00,40612.13,
24.77,0.00,40749.59,
24.78,0.00,40887.46,
24.79,0.00,41025.75,
24.80,0.00,41164.44,
24.81,0.00,41303.55,
24.82,0.00,41443.07,
24.83,0.00,41583.01,
24.84,0.00,41723.37,
24.85,0.00,41864.14,
24.86,0.00,42005.32,
24.87,0.00,42146.93,
24.88,0.00,42288.96,
24.89,0.00,42431.41,
24.90,0.00,42574.28,
24.91,0.00,42717.57,
24.92,0.00,42861.29,
24.93,0.00,43005.43,
24.94,0.00,43150.01,
24.95,0.00,43295.00,
24.96,0.00,43440.43,
24.97,0.00,43586.29,
24.98,0.00,43732.58,
24.99,0.00,43879.30,
25.00,0.00,44026.45,
25.01,0.00,44174.04,
25.02,0.00,44322.07,
25.03,0.00,44470.53,
25.04,0.00,44619.42,
25.05,0.00,44768.76,
25.06,0.00,44918.54,
25.07,0.00,45068.76,
25.08,0.00,45219.42,
25.09,0.00,45370.52,
25.10,0.00,45522.07,
25.11,0.00,45674.06,*
25.12,0.00,45781.18,
25.13,0.00,45888.51,
25.14,0.00,45996.05,
25.15,0.00,46103.80,
25.16,0.00,46211.75,
25.17,0.00,46319.92,
25.18,0.00,46428.30,
25.19,0.00,46536.89,
25.20,0.00,46645.68,
25.21,0.00,46754.69,
25.22,0.00,46863.91,
25.23,0.00,46973.34,
25.24,0.00,47082.99,
25.25,0.00,47192.85,
25.26,0.00,47302.91,
25.27,0.00,47413.20,
25.28,0.00,47523.69,
25.29,0.00,47634.40,
25.30,0.00,47745.32,
25.31,0.00,47856.46,
25.32,0.00,47967.81,
25.33,0.00,48079.38,
25.34,0.00,48191.16,
25.35,0.00,48303.16,
25.36,0.00,48415.37,
25.37,0.00,48527.80,
25.38,0.00,48640.45,
25.39,0.00,48753.32,
25.40,0.00,48866.40,
25.41,0.00,48979.70,
25.42,0.00,49093.21,
25.43,0.00,49206.95,
25.44,0.00,49320.90,
25.45,0.00,49435.07,
25.46,0.00,49549.46,
25.47,0.00,49664.08,
25.48,0.00,49778.91,
25.49,0.00,49893.96,
25.50,0.00,50009.23,
25.51,0.00,50124.72,
25.52,0.00,50240.44,
25.53,0.00,50356.38,
25.54,0.00,50472.53,
25.55,0.00,50588.91,
25.56,0.00,50705.52,
25.57,0.00,50822.34,
25.58,0.00,50939.39,
25.59,0.00,51056.67,
25.60,0.00,51174.16,
25.61,0.00,51291.88,
25.62,0.00,51409.83,
25.63,0.00,51528.00,
25.64,0.00,51646.40,
25.65,0.00,51765.02,
25.66,0.00,51883.87,
25.67,0.00,52002.94,
25.68,0.00,52122.25,
25.69,0.00,52241.77,
25.70,0.00,52361.53,
25.71,0.00,52481.51,
25.72,0.00,52601.73,
25.73,0.00,52722.17,
25.74,0.00,52842.84,
25.75,0.00,52963.73,
25.76,0.00,53084.86,
25.77,0.00,53206.22,
25.78,0.00,53327.81,
25.79,0.00,53449.63,
25.80,0.00,53571.67,
25.81,0.00,53693.95,
25.82,0.00,53816.47,
25.83,0.00,53939.21,
25.84,0.00,54062.19,
25.85,0.00,54185.40,
25.86,0.00,54308.84,
25.87,0.00,54432.51,
25.88,0.00,54556.42,
25.89,0.00,54680.57,
25.90,0.00,54804.94,
25.91,0.00,54929.55,
25.92,0.00,55054.40,
25.93,0.00,55179.48,
25.94,0.00,55304.80,
25.95,0.00,55430.36,
25.96,0.00,55556.15,
25.97,0.00,55682.18,
25.98,0.00,55808.44,
25.99,0.00,55934.94,
26.00,0.00,56061.68,
26.01,0.00,56188.66,
26.02,0.00,56315.88,
26.03,0.00,56443.34,
26.04,0.00,56571.03,
26.05,0.00,56698.97,
26.06,0.00,56827.14,
26.07,0.00,56955.56,
26.08,0.00,57084.22,
26.09,0.00,57213.11,
26.10,0.00,57342.25,
26.11,0.00,57471.64,
26.12,0.00,57601.26,
26.13,0.00,57731.13,
26.14,0.00,57861.23,
26.15,0.00,57991.59,
26.16,0.00,58122.18,
26.17,0.00,58253.02,
26.18,0.00,58384.11,
26.19,0.00,58515.44,
26.20,0.00,58647.01,
26.21,0.00,58778.83,
26.22,0.00,58910.89,
26.23,0.00,59043.21,
26.24,0.00,59175.76,
26.25,0.00,59308.57,
26.26,0.00,59441.62,
26.27,0.00,59574.92,
26.28,0.00,59708.47,
26.29,0.00,59842.27,
26.30,0.00,59976.31,
26.31,0.00,60110.61,
26.32,0.00,60245.15,
26.33,0.00,60379.94,
26.34,0.00,60514.99,
26.35,0.00,60650.28,
26.36,0.00,60785.83,
26.37,0.00,60921.63,
26.38,0.00,61057.67,
26.39,0.00,61193.97,
26.40,0.00,61330.53,
26.41,0.00,61467.33,
26.42,0.00,61604.39,
26.43,0.00,61741.71,
26.44,0.00,61879.27,
26.45,0.00,62017.09,
26.46,0.00,62155.17,
26.47,0.00,62293.50,
26.48,0.00,62432.09,
26.49,0.00,62570.93,
26.50,0.00,62710.03,
26.51,0.00,62849.38,
26.52,0.00,62988.99,
26.53,0.00,63128.86,
26.54,0.00,63268.99,
26.55,0.00,63409.37,
26.56,0.00,63550.02,
26.57,0.00,63690.92,
26.58,0.00,63832.08,
26.59,0.00,63973.50,
26.60,0.00,64115.18,
26.61,0.00,64257.12,
26.62,0.00,64399.33,
26.63,0.00,64541.79,
26.64,0.00,64684.51,
26.65,0.00,64827.50,
26.66,0.00,64970.75,
26.67,0.00,65114.26,
26.68,0.00,65258.03,
26.69,0.00,65402.07,
26.70,0.00,65546.37,
26.71,0.00,65690.94,
26.72,0.00,65835.77,
26.73,0.00,65980.87,
26.74,0.00,66126.23,
26.75,0.00,66271.85,
26.76,0.00,66417.74,
26.77,0.00,66563.90,
26.78,0.00,66710.33,
26.79,0.00,66857.02,
26.80,0.00,67003.98,
26.81,0.00,67151.21,
26.82,0.00,67298.71,
26.83,0.00,67446.47,
26.84,0.00,67594.51,
26.85,0.00,67742.81,
26.86,0.00,67891.39,
26.87,0.00,68040.23,
26.88,0.00,68189.35,
26.89,0.00,68338.74,
26.90,0.00,68488.39,
26.91,0.00,68638.32,
26.92,0.00,68788.53,
26.93,0.00,68939.00,
26.94,0.00,69089.75,
26.95,0.00,69240.77,
26.96,0.00,69392.07,
26.97,0.00,69543.64,
26.98,0.00,69695.48,
26.99,0.00,69847.60,
27.00,0.00,70000.00,*
